{"count":1,"self":1.9159831999999999,"total":65.885052899999991,"children":{"InitializeActuators":{"count":9,"self":0.0019963,"total":0.0019963,"children":null},"InitializeSensors":{"count":9,"self":0.003997,"total":0.003997,"children":null},"AgentSendState":{"count":601,"self":0.1306292,"total":10.4664098,"children":{"CollectObservations":{"count":5346,"self":5.2270144,"total":5.2270145999999995,"children":null},"WriteActionMask":{"count":5346,"self":0.013443199999999999,"total":0.013443199999999999,"children":null},"RequestDecision":{"count":5343,"self":0.0395832,"total":5.0953228,"children":{"AgentInfo.ToProto":{"count":5343,"self":0.0609339,"total":5.0557396,"children":{"GenerateSensorData":{"count":5343,"self":4.9948055999999994,"total":4.9948057,"children":null}}}}}}},"DecideAction":{"count":598,"self":53.4108704,"total":53.410869999999996,"children":null},"AgentAct":{"count":598,"self":0.0618125,"total":0.083798,"children":{"AgentInfo.ToProto":{"count":27,"self":0,"total":0.021985499999999998,"children":{"GenerateSensorData":{"count":27,"self":0.021985499999999998,"total":0.021985499999999998,"children":null}}}}}},"gauges":{"CarcassonneTest.CumulativeReward":{"count":27,"max":1.80699444,"min":-0.199000224,"runningAverage":0.247481883,"value":-0.199000224,"weightedAverage":-0.131339282}},"metadata":{"timer_format_version":"0.1.0","start_time_seconds":"1637537785","unity_version":"2020.3.19f1","command_line_arguments":"C:\\Program Files\\Unity\\Hub\\Editor\\2020.3.19f1\\Editor\\Unity.exe -projectpath C:\/Users\/zantas92\/Documents\/GitHub\/Training-Environment-Carcassonne -useHub -hubIPC -cloudEnvironment production -hubSessionId a0755840-4b04-11ec-9146-07a2a1978c23","communication_protocol_version":"1.5.0","com.unity.ml-agents_version":"2.1.0-exp.1","scene_name":"GameScene","end_time_seconds":"1637537851"}}